version,track,platform,arch,timestamp,texthash
METADATA,github.com/InvoxiPlayGames/GMSIdentify,Windows,_,1752971421,_
1.4.1474,Studio,Windows,x86,1416687173,847232E0D225D148C155B26A01FB55FDBCE084A29CF5CFF78A0D57A9734D506E
1.4.1495,Studio,Windows,x86,1418029031,E1555F595C3F14AB2CEFFFF9CDF65245E3ED4FFDE8F9CDC3FE59C750844E0683
1.4.1496,Studio,Windows,x86,1418144296,78F2B7F18BED55F46CE88E55288732526162B16851398869168B960857B90898
1.4.1499,Studio,Windows,x86,1418743037,E1555F595C3F14AB2CEFFFF9CDF65245E3ED4FFDE8F9CDC3FE59C750844E0683
1.4.1514,Studio,Windows,x86,1422262844,DF6B8DA0CCF77B118B4BAA61C2CD8C5FC71625033A02C05D8BD66C2A24266244
1.4.1522,Studio,Windows,x86,1422550460,179B4E580FBF4B77D42BC080D6892E591C5A2ADE8EB43FD54564B1811FC3129E
1.4.1542,Studio,Windows,x86,1425460800,8C0EFA63223BFD7CD7E94F7A99D5AEB61D564688F1B7BA43E50E3A4DDD508EC6
1.4.1556,Studio,Windows,x86,1426080215,E1523C4C2BFDBCA84DF88DC498D55FC79DEFB9EAD2164409F830ED4C7BDC0B35
1.4.1565,Studio,Windows,x86,1426681453,515CC291874EA8B687EF87C7A0EC019B397461705E0E41BEFA9D4240E4666B7B
1.4.1567,Studio,Windows,x86,1427190745,D4043643FB0AC550AA27F6B96DBEA1C2C5A1869A821DBB6579B79A1E8ED777BB
1.4.1598,Studio,Windows,x86,1436539137,E0B5CBB61290190101287E135AAE8418ED841F8D8C5FCFD5A8CF618D9308BB96
1.4.1629,Studio,Windows,x86,1438886199,7B3E9037B1ECBFF6034906DE39EB0DBD8834AA56A3490438E71DA7598057AEB2
1.4.1657,Studio,Windows,x86,1442300865,D91C3A2C4F0E5E28D83594391FB6A077071FF4C35563253874138709F994B4A2
1.4.1675,Studio,Windows,x86,1447927792,11F265F8BE63791765FBCC000B25FE46D5F616737FCD13EAF66298992F09650F
1.4.1683,Studio,Windows,x86,1449146783,747831C285BF39ED6A28842E9A30125729DEF93704F5153DD85557CB71CA6131
1.4.1690,Studio,Windows,x86,1449758987,4B5B6F67AACAC159E9F8C3F7EB45EC149FA398A19C02F22B484202B4FD4B3CE6
1.4.1711,Studio,Windows,x86,1453889861,51D5B1A93FB8BEC868BA9CAD2192E5A3DBFB1A74EE4BDE0DA2FE798C64A08E6D
1.4.1747,Studio,Windows,x86,1455720974,ABFD89BBFADE6A7A817E3986CDC05B893A540942298A07502C5581876DAAD83E
1.4.1749,Studio,Windows,x86,1456325517,558643A5DDA111A2C6F3C6BFDD5D433E3952E10D650FA811339ADB46FFDE9926
1.4.1757,Studio,Windows,x86,1460545949,558643A5DDA111A2C6F3C6BFDD5D433E3952E10D650FA811339ADB46FFDE9926
0.0.1.8,Blue,Windows,x64,1461645420,CEE9660CF7A42435864F7A248A641A2929EB4FEDDEFE794B9939A6F99947F3D4
0.0.1.24,Blue,Windows,x64,1463756157,DEDA74226ED3DECC77FA54B715381AE76BAD50F1EEC24B743DEA7AF426DAE38B
0.0.1.32,Blue,Windows,x64,1465568994,14B17BDDBBBE42443BD7EE054A3FD1F402709C13867EA2246871219584C63DD8
0.0.1.34,Blue,Windows,x64,1467044664,68F4874C207A3B15F41F7FE062E80F438EAB28637BAC9A3FF1298686A9889651
0.0.1.38,Blue,Windows,x64,1468836509,7B14285E402DB98D559371B59FE0123C09B26CE8B86FAAA2DFD90A74F3EDD804
0.0.1.39,Blue,Windows,x86,1470133275,3A3141F12252E2986EDFD8558FCF8ECC996F71692C11A5AB053639B50B4E9C81
0.0.1.50,Blue,Windows,x86,1471610949,CF25FB272C17D47041B1116FFD5154BFD0DAD69083955A0CCC5EC6D9CE65E938
1.4.1760,Studio,Windows,x86,1472558231,785466CFED5FBFA248AE1076FF4998994FD518336C75BA84166E53D91370E679
0.0.1.60,Blue,Windows,x86,1473760348,F67DBF5B2D941BA7E5499E4C7072482FD93687E2BC12E4FEDD02FA6F2A281085
0.0.1.63,Blue,Windows,x86,1475751687,F2BEC01EF607237C2A53B7900323714B160CB87A527E8E1714921AD02019123D
1.4.1763,Studio,Windows,x86,1475762293,BF73149589E5391115BF4C2B90AD1AB89A2E94CAA265985207A808D530A14627
1.4.1767,Studio,Windows,x86,1499682318,99476C737026DE17B632C212623A7570EAFA07FDF52A12EA3146B87512BB1FA2
1.4.1772,Studio,Windows,x86,1501079293,8D85CE60435176BF9B87DD4F7AA073F1813091F98428F940C4598DF2A3A75620
1.4.1773,Studio,Windows,x86,1505386762,8D85CE60435176BF9B87DD4F7AA073F1813091F98428F940C4598DF2A3A75620
0.0.1.71,Blue,Windows,x86,1511538761,1AFFCE7E527C5EFD6EF6551F3836D03A65259000126FFB844A8805C0A18886BC
7.7.1.72,Blue,Windows,x86,1511783631,1AFFCE7E527C5EFD6EF6551F3836D03A65259000126FFB844A8805C0A18886BC
1.4.1788,Studio,Windows,x86,1518089269,172CA3C03894F2CD5684E798CB4F496ADC1D2EA987BF05D870C37681E8CC4568
1.4.1804,Studio,Windows,x86,1520942935,741D7914E2377AE40FA02A4631313261C037B4FFD34E30FAB86286940036F37B
7.7.1.81,Blue,Windows,x86,1520956781,860097D6C0FA9004D87181CCCD46B9BDD91A738164DBE04DC1D4544693510027
2.1.4.200,Master,Windows,x86,1522665833,C879F84AD8E3BF0DDD2E01B6B710949983338EE749C763137FEACD999B930B1C
2.1.4.202,Master,Windows,x86,1522945030,18E6E308B0F895AD75A076EC906DD8C57C61A57B2FAE0EE9C821B75ED876C2D0
2.1.4.203,Master,Windows,x86,1523369804,81A2AF4799C445B8CF8EEEF64D81A6542522CCACCC6574039CC274FB4EDB0A67
2.1.4.212,Master,Windows,x86,1524127632,0ABF308FBE7BDFE1C067DCBA4EA983FAED0BC6DD7C5280ED3A026A3B4EBD92C4
2.1.4.218,Master,Windows,x86,1526574820,18B2E4C4B49476C94C324E07F3D2A54ACA7BDF0CC947FD46FD04E91DB6CCC678
2.1.5.246,Master,Windows,x86,1532959358,4C9652289FA198350132907550C807BCDEFD07B236C057E4FFD6B3E79219FA98
2.2.0.258,Master,Windows,x86,1537788937,211222CA9A3A887DEFD58B07F995B2A3F309DCEBFBC86C965BEBB44F349EA327
1.4.9999,Studio,Windows,x86,1538653761,9E41BB41C0A1433B2B018946BD116EF137A325FF6995331A7C098E9941DAE7D8
2.2.0.261,Master,Windows,x86,1539089689,C6110ED41B1FB1F970A17BBB39850A39FEF8FABD814AB7B7C72AB2864E13B8A9
2.2.1.273,Beta,Windows,x86,1540978834,78A61CC21B4F1BB6953FD2FC5BC7E61FB2FA34701D603E266685D804E940B72A
2.2.1.277,Beta,Windows,x86,1541612506,0298251122127F5C05F230676A01A1974CDBF827224449ECAA9AE92296E698C0
2.2.1.279,Beta,Windows,x86,1542637738,6076F68DE39F5759F12ED064B4288D531425EC3F83D1E3F456AFBFB1047541A8
2.2.1.284,Beta,Windows,x86,1543329695,5DAF5D6333632230AFE801FE24381E1C56254C6F9A5E49FA2AA5FA5FDC588EE9
2.2.1.286,Beta,Windows,x86,1543855912,DDA94DABBE737CB2D651865886B5DDA4D9C921F66C41DA69F32FD7D32F67AB15
2.2.1.287,Master,Windows,x86,1544018350,DDA94DABBE737CB2D651865886B5DDA4D9C921F66C41DA69F32FD7D32F67AB15
2.2.1.291,Master,Windows,x86,1545216444,7596A5E9BE5DE4EAC3F53822709BA28DCC5A4A48ABBD42F58275F51BCDC4E709
2.2.2.302,Beta,Windows,x86,1548755865,588E16722C1CC64525F94FF8F548CF38DC386D803025AF420107EFEAB11AD553
2.2.2.308,Beta,Windows,x86,1549548407,5F0E07CB63CCEA24A702553703584D4E21BC753A817024B391394A1A4F2377FB
2.2.2.312,Beta,Windows,x86,1551696428,0A536BE35B0794B894C82C30F8E3F0022196FF997D677979A3313FD95832406A
2.2.2.314,Beta,Windows,x86,1552035879,930858DDF766E1EBE46581D3AC0666A936CA477A827E3D71C88CA010B1BCFEA8
2.2.2.325,Beta,Windows,x86,1553183874,D585CC79D5932F83B99287C360CD4A4C0FD60D9648B804176817989CFE45EF27
2.2.2.326,Master,Windows,x86,1553527302,D585CC79D5932F83B99287C360CD4A4C0FD60D9648B804176817989CFE45EF27
2.2.3.337,Beta,Windows,x86,1559559737,BAA403F5FF28A04AE70AA5E938E466DD97C1E90865CDAC3C25BD276E197E3E54
2.2.3.338,Beta,Windows,x86,1560877069,605C81D8402C756E8F938E4656A3995398A074F51BEDEF380894B3742969E909
2.2.3.341,Master,Windows,x86,1561709550,68398C39D77ACE236ABA709839A4B688F1838D7709845A6E0C5FCB760A02DFE5
2.2.3.344,Master,Windows,x86,1562691775,68398C39D77ACE236ABA709839A4B688F1838D7709845A6E0C5FCB760A02DFE5
2.2.3.345,Beta,Windows,x86,1563547423,68398C39D77ACE236ABA709839A4B688F1838D7709845A6E0C5FCB760A02DFE5
2.2.4.356,Beta,Windows,x86,1568050350,4DAE5E5E6C3D9E4BB1912697A07668E8A7FD9386C3CC52AEEC676DD05EF9DCDD
2.2.4.357,Beta,Windows,x86,1568304221,4DAE5E5E6C3D9E4BB1912697A07668E8A7FD9386C3CC52AEEC676DD05EF9DCDD
2.2.4.362,Beta,Windows,x86,1569841030,7D8D457ECAEB8D45B7A14AEF9FA940411EDAF6C54D808AE7F36836D171949C37
2.2.4.364,Master,Windows,x86,1570534373,7D8D457ECAEB8D45B7A14AEF9FA940411EDAF6C54D808AE7F36836D171949C37
2.2.4.366,Master,Windows,x86,1570614566,7D8D457ECAEB8D45B7A14AEF9FA940411EDAF6C54D808AE7F36836D171949C37
2.2.4.372,Master,Windows,x86,1571310858,6C15565DB162150093C1D0E5E8F78CE9219F92F4A1CFC258777842F9268E9638
2.2.4.374,Master,Windows,x86,1571922508,D06DA608240F826D974A5B207FD3B6E0D01EE93635ABF2BC55458A9A3B032D7C
2.2.5.376,Beta,Windows,x86,1574944287,64878DA7FAA0DAC33D52DCADA5BD529C8C4AA41C74AECB92C7552863A46329E2
2.2.5.377,Beta,Windows,x86,1575985149,BC456F1A2DE30565682C39222CA64939382F261D8291A4FC1E3032074EC2F818
2.2.5.378,Master,Windows,x86,1576663086,BC456F1A2DE30565682C39222CA64939382F261D8291A4FC1E3032074EC2F818
2.3.0.401,Master,Windows,x86,1597424032,692A0447107EEEA4F176B5A30EB4A75E6717419809821A970FA11B7F1FED005D
2.3.1.406,Master,Windows,x86,1605803405,DC9A2A9A79F4EEFF7BBA935C9C5DBC2AFBB57B42B66B8066F4E935F2744F3871
2.3.1.406,Master,Windows,x64,1605803820,B263B85257EAD3A12EEA9208BCC3D33D878839382C9C501D1DBC0D6FC73008C9
2.3.1.409,Master,Windows,x86,1608117405,7D1AD2DAA4441B3D70ACA6A76FCD756A598560FCCBBC9E78D7FDAFF798041F88
2.3.1.409,Master,Windows,x64,1608118250,22E7D857D5B91A0ADD9D4D101347978D17DEF020C0FCE48671AD15CCFAE3496E
2.3.2.420,Master,Windows,x86,1617102422,42CCF9C0D31B0913BA5406CE99E2C12D16A15BC92656725CC48C91103BBA88F4
2.3.2.420,Master,Windows,x64,1617103208,D79D0C9E51940D5272159C95FFC462B41D497DA1B1B8215DBDFAD0CD5507EDB7
2.3.2.426,Master,Windows,x86,1618575096,5F04033585216CEB249E76F9B07B453657F96EAF2E8A095A9F16C72887CB5CD5
2.3.2.426,Master,Windows,x64,1618575741,D2880CCFFF23A445C5EFC7A76EEAAF09E4632DBA380EC84EA4988B0B71B763D0
2.3.3.434,Master,Windows,x86,1625840766,8F5D87197F38C91E7C1623B1163894B55F1780B2846006CA63D512DEFB8143FC
2.3.3.434,Master,Windows,x64,1625841824,5D692FBA3C422B7D560C4A2525271CEC2B589B5FEBA255D593CE3F6C3BE9A1F8
2.3.3.437,Master,Windows,x86,1626861864,9081A0B6604F013D0706E7F83067FEFF67DAF60F213038B15868B1D350425668
2.3.3.437,Master,Windows,x64,1626861649,7CDD534519E9DC9D074030EEF6907C189F5EC1B2B16C2B616E3C410622390A22
2.3.4.440,Master,Windows,x86,1630946150,0F003993516496EBE399B21FCBE40D322808358022F585BEE6C78AD06A825EBA
2.3.4.440,Master,Windows,x64,1630946514,EF925B95287117DC4473EB75EE5C88C1E61A009D4A7E5C8D7BBB2E2C37309DA5
2.3.4.442,Master,Windows,x86,1631194843,C5A0C1B0F4F331459433976E2FEC9CAEEF265CE031DF182A4FFC77D8D10F9E59
2.3.4.442,Master,Windows,x64,1631195259,EF925B95287117DC4473EB75EE5C88C1E61A009D4A7E5C8D7BBB2E2C37309DA5
2.3.4.443,Master,Windows,x86,1632131570,C5A0C1B0F4F331459433976E2FEC9CAEEF265CE031DF182A4FFC77D8D10F9E59
2.3.4.443,Master,Windows,x64,1632131916,A73CC349E3A8A9C643370595536DB7FB1A443B2FC29CA58260A6118FD9951734
2.3.5.458,Master,Windows,x86,1632996404,47FE8E639065E7300EDC0D200FE643DB360B7662C692F77F2938BB2982C17178
2.3.5.458,Master,Windows,x64,1632996718,7E1C23A0C4B82E85CC597F8E504902101379E885A32087B92C357B65DAE3F68C
2.3.6.464,Master,Windows,x86,1635410242,CD7DA81002714FF3EDD17B806B982EE9D8B0929ABD4612CE0DFA176FD52F079F
2.3.6.464,Master,Windows,x64,1635411094,545E51E27F2B04D6001574D028E6821964FB846DD6526F723FF22AE941A03727
2.3.7.474,Master,Windows,x86,1637753674,B47F6ADAF0DB16EF6F87F3754D77C5081D6588827ED4BA432BDE47646AC7476D
2.3.7.474,Master,Windows,x64,1637754282,4EB4014C91B3369CEB96871E204E1DE77B687BD45E982384C95DB0DA65F5265B
2.3.7.476,Master,Windows,x86,1638992473,35F70E69A479A22829961B79BB1FF17966744AE378F17753ABAB3C1C41F3CBF8
2.3.7.476,Master,Windows,x64,1638992938,78B497FFB5835DB1AE98EF5A2110A528FD0A045D36A061DF5915F97543C527DB
2022.1.0.482,Master,Windows,x86,1643213510,846DBB84B6437C5E89982E8D9B64FA1F32C886672A020D54F0707A0C01928953
2022.1.0.482,Master,Windows,x64,1643215004,C6A2094D91AA945362CD9D5ED7981A40C77B7EF77EDD33171E3CFA65C50D3F56
2022.1.1.483,Master,Windows,x86,1643997417,BABC3E2EFB694DC331C3C5E6D94AFEEAC2CFC997AA4C05A870114E3CE357B1A7
2022.1.1.483,Master,Windows,x64,1643997907,BF2F2D27D7203F5003AE07FFB5323BF3B970AF3E3C74D63711AD106FD86F52F5
2022.2.0.487,Master,Windows,x86,1645699279,FEFDF6713B7A1DCE64D190DAD6374AD532AF6779793F605D7290F6E5C3E591EE
2022.2.0.487,Master,Windows,x64,1645699513,0B5AA2C8E5E20D3E4E0DA9F7BE003552D5532BEA84CAAF49DAECFC43598AE462
2022.2.1.491,Master,Windows,x86,1646829384,080E9CE27C70D41622D2C04F9EF5A5F88D133F40B7127CB9150DBD27A2348636
2022.2.1.491,Master,Windows,x64,1646830061,531604862F7565F544901487BD1E9E5A720B2A12EBD18509D31DD3B26BB415BB
2022.3.0.496,Master,Windows,x86,1648650437,3372E7988CCCF1D151DAD6F4170FA85207A406385116B715A57D4B55C506D23B
2022.3.0.496,Master,Windows,x64,1648651962,778ED7E4A78E6A0B4271225ABC287876AFC43E0AE8097E0E2B39F7AAFF0A4DAC
2022.3.0.497,Master,Windows,x86,1649238449,5391908612DFF68E3706C2B923BAE9BB3CB7B93CC7C6206B1C4D785DE87EE043
2022.3.0.497,Master,Windows,x64,1649239517,A567743161F243DA3149E4FC4FB90794134A3D45A73789C9C95DAC0E760C82D4
2022.5.0.8,Master,Windows,x86,1653506544,6A4E43ED44A2C26BE357838352E42C53C40B7489D42ED3AC1F3E9B92F81270C7
2022.5.0.8,Master,Windows,x64,1653506590,6B09BA7FE9DEF37E267CCDE4B9729411A84567178821105AB34F4B8E0B878860
2022.5.1.11,Master,Windows,x86,1654515080,8A388B9A2AA02DA81DC868A40C9B3D27CD383A65DAE67E8D5D3EAF94CA3EBF91
2022.5.1.11,Master,Windows,x64,1654515091,F5D8367E67978AE3A524DF540B0BF47643358BCFFE215D6733EE1C6856FC6043
2022.6.1.40,Master,Windows,x86,1658913673,6C3A8CFE1BD24B7D0CFB13517491868426569BD7F2946491B7FD798C43448D1F
2022.6.1.40,Master,Windows,x64,1658913831,065D8D628D157D42073C31D84B41836897E95FBE04F9EF1E2F7FA591A4BDB904
2022.8.0.50,Master,Windows,x64,1662549932,6804B08544F844B9CB32BFC5AA5C146D34D90A612D6EAFAC358AE82F9E27A3C2
2022.8.1.53,Master,Windows,x64,1662985042,B670B5ACBA80811907A7D308D7A0D1447070FAA77856DC1E79E5488EAF519B3A
2022.9.0.63,Master,Windows,x64,1665074446,8AC6FA197A93B18E47F66F1A388AA43EB6EF038F270768AB307B4DCD207FAAEC
2022.9.1.66,Master,Windows,x64,1665565426,3FF556E91AEAE351384C35856AEBC0968693C8BD4A1978DC4BBE35EB8D9C1893
2022.0.0.12,LTS,Windows,x64,1666704096,C673678BF53E3D238DF00EF4ACDB649A78D47B0DD5C900BFF7B308D820A2159D
2022.11.0.73,Master,Windows,x64,1669716712,62F7121D48C4796E18F61F59C334B4399A92259D18EF09DC890D6D1A6E01C97E
2022.11.1.75,Master,Windows,x64,1670932894,8A5B1D42CFE541C37685BDC8342D0D1E3570BD3587BBCAE2F9F77F8459C91423
2023.1.0.76,Master,Windows,x64,1674841840,A90F540614553546E0A1983AF9AE61F50ED94D1286890D2048B96971FCE63B26
2023.1.1.81,Master,Windows,x64,1675955831,9523285AF3208C586669C43546C4F4BDEA88A1E1A467B53444B3B1C9E1F94879
2023.2.0.87,Master,Windows,x64,1677853846,D4A429EF59E96B44785AF73B7EAAE4975FE06B0C0CB85B8C8D76D300B1ABEC44
2023.2.1.90,Master,Windows,x64,1678787439,FC3A2D8B8A53BE3516CF8E7A6C640D093F656B6FE86A5A6F45825D3921DF3A52
2022.0.1.30,LTS,Windows,x64,1680165063,275FEA623AE77F4299C192B906B6C26C4F4A699ADB953A72F38D5C52C096D163
2023.4.0.113,Master,Windows,x64,1683024432,C5B3D87F65918580D8DACE5A54CE9FB2CA2BB35694107663A48D5DB46DEF378A
2023.6.0.136,Master,Windows,x64,1688111433,A739E23C0EF438FE72B4D7D4B97C76276B08EC300C673137B12FF95216C45964
2023.6.0.139,Master,Windows,x64,1689758534,6D875E766DA57FD623811DC9B9A9855AE59AE44AAD0DC9CCCD10248A2FD4FD67
2023.8.0.145,Master,Windows,x64,1693843949,FC4E40DB0DF9E9F27532A36198A359781D3D8D880C7B798E2E8121A53007D709
2023.8.1.148,Master,Windows,x64,1694618605,2D8949C1B35114EEB4379374199C491890F9E3999E3B905C074B912EB2C6727F
2023.8.2.152,Master,Windows,x64,1696581744,75D1704A2A83BBE148A1F664D75C78A69654E5CFAE7A7BD0C91CA98A24C41851
2022.0.2.49,LTS,Windows,x64,1697020118,34C7283282569CFE1E3ED5AD294905874D11457DE6E56A6E467B9CAA40DF105C
2023.11.0.157,Master,Windows,x64,1701678923,9F9AB73C9FBCC171CF79C4E267EA9B0D6599990C4C97AE85D7C46396BC05227C
2023.11.1.160,Master,Windows,x64,1702456727,D5924946490C74CBFB56461B6C892C27495C1387527224568C3E0D120DCABA13
2024.2.0.163,Master,Windows,x64,1709243809,00E04CC0BB226D7B64EDA0864A38AE20AD7C87B2F7AC690EAF7BD6A2E3E3AE06
2024.4.1.201,Master,Windows,x64,1716227151,BD3E95B28B09E68546621F8CE13D05097F0A308BF5534629A3AA896270946C9D
2024.6.1.208,Master,Windows,x64,1720437348,99084A613A56C22D33D790F8CC737A01E323332265ABDF7A97C9FAD43EECE8E3
2024.8.0.216,Master,Windows,x64,1725297083,AEC88EA5B7D8ECAE23304570A48D6F5765195C22DBB24F9D99816DEB5D74F48D
2024.8.1.218,Master,Windows,x64,1725877753,6D2112223631BEEB603E591537120D285C1A3CE0FEAE37BC0DD2CC45EBD6A9A4
2022.0.3.98,LTS,Windows,x64,1731677241,B2BC4299EBE8CD58835C9BCF97FDF043D704073988C01DEF2C7DEB4742B89D7F
2022.0.3.99,LTS,Windows,x64,1732703758,5711287813D11C9CB6B7D01C091234362D687D95916CBE9F7271440C5BD41E3D
2024.11.0.226,Master,Windows,arm64,1734017784,E290E63FD49051B6E9383358D44DA290AA1E130DD98B56BA9610CE648F014FD4
2024.11.0.226,Master,Windows,x64,1734017691,BFB177A8A77F85CD68F62D641A0B75EC537A03A36EE43A4FFEAF9FEF4F6603C1
2024.11.0.227,Master,Windows,arm64,1734608652,D26AC9B8AF249A80FAC0249A71270504F7E8D70FA8DB90FC97E0A803392E867D
2024.11.0.227,Master,Windows,x64,1734608531,E2276CA56F73C58655F80ED9F98CADBD6560EA7D249EC85BF0894F4E1AE5E238
2024.1300.0.750,NuBeta-I,Windows,arm64,1739199874,14AE3D0882136243E541A6C35BC53074B5324FC23F313D4CDFC881663CBFF46B
2024.1300.0.750,NuBeta-I,Windows,x64,1739199695,8F109E8A721F40138DEDBFA326C8878AFC46497BE96DAD674216213C09AC198D
2024.1300.0.752,NuBeta-I,Windows,arm64,1739276413,63AE70449525C9EDB7C4CC9144DB3AF097AD9FC1A613E7D6D33084918F69361B
2024.1300.0.752,NuBeta-I,Windows,x64,1739276278,F34401C9B3B6AF2417EDFD0F46E02A0BAE5BF0EE302FA75F04702577863D20C5
2024.1300.0.753,NuBeta,Windows,arm64,1739349697,B6AF84E0F0AA11833E5B916C3BF7247C6BED72D0BCB8DF51A457556DE773182D
2024.1300.0.753,NuBeta,Windows,x64,1739349639,DDF2CE06F4FA3A18B1718C6D1DE1DF4FB34D323A44C73638DAAECCF2DDD3AF11
2024.1300.0.754,NuBeta-I,Windows,x64,1739442727,49CC4A56BF0EF5B3E5E02AB04D478BE514CD2EE7CF605EAF8731B6CA6ADF44A1
2024.1300.0.754,NuBeta-I,Windows,arm64,1739442795,0D977F884960FFC100877171DC4AA54FCE68590D8725B79D5539CB0233104A83
2022.0.3.103,LTS-I,Windows,x64,1739456672,9837507A1D1FE77A4078E8BFE6329F8A57A0A396A695A4F1D342866FB38F90A1
2024.1300.0.755,NuBeta-I,Windows,x64,1739524874,DE15A40500E4B42F148361FDEF7021A93708145E996CBCACF1E12D31090F9116
2024.1300.0.755,NuBeta-I,Windows,arm64,1739524946,84249328ECF993E4A8E43E9F08744B0820229390C28E773B3253DAC5BEFA0ACA
2022.0.3.104,LTS-I,Windows,x64,1739531609,E70A08363DD75383BD123CDB98E0B236DCA29AB1F97A09FAC4A75CAC2D12669C
2024.1300.0.756,NuBeta-I,Windows,x64,1739781785,40312F98E820B5ECCC2DCCE2345992F0BBF6872703F74D521C0BBC77B8B48212
2024.1300.0.756,NuBeta-I,Windows,arm64,1739781952,4932D4870612E21DC9D75A79DAE671ECBB6A86E6DCB22D3FE0BC0806D5969831
2024.1300.0.757,NuBeta-I,Windows,x64,1739791885,E6635778F886877B253DCAA12D310C7C7BEE7B63C6022BCCB90DD62C90824104
2024.1300.0.757,NuBeta-I,Windows,arm64,1739792005,814DDCA191D99F3228BCEFE51FE354F8E73F53C57576830621DD659DE2B4C4E0
2024.1300.0.758,NuBeta-I,Windows,x64,1739876709,04908496E0F99243865DB49B6AD615EDC9DEDAECAFC6BAE7D72FABEBB6D70C40
2024.1300.0.758,NuBeta-I,Windows,arm64,1739876821,A24E2FCF4B00F2C668C6C3ACC0BC02A5B7D70B7F84C712E51CDE9BCDD7114447
2024.1300.0.759,NuBeta-I,Windows,x64,1739900567,07C8F73B1E609108A7B9E9B28BA82276E3EA343B431E81B8121B8B5494E915EF
2024.1300.0.759,NuBeta-I,Windows,arm64,1739900748,FFE385FAC4DFE5DDEB94920FD1A47BC340F76CDDEB99FD90D253734A04D2B7EE
2024.1300.0.760,NuBeta-I,Windows,x64,1739964486,34068F5A645CDBB483A14717D359E289BFD51771EAF2F12FE6E8CDA43C53E4D7
2024.1300.0.760,NuBeta-I,Windows,arm64,1739964679,EFB28D826AA55CF356E82ADD85785126B139AB974AD46E1CEF2C9A25EAD9C30B
2024.1300.0.761,NuBeta-I,Windows,x64,1739979055,41C3A9A10FB33BA1230679651D84C9B48CDE2E816CE56A77F0AFFE22CA89CE8D
2024.1300.0.761,NuBeta-I,Windows,arm64,1739979142,279DBB265D3B60378C4EDAD02898F58C7006D1D1BD826F80747C9C3F3F2F7962
2024.1300.0.762,NuBeta-I,Windows,x64,1740057780,DE28736FBAD3746169CF9BE58DBFEE652279C7BEF0364CFC403E684203B91ABC
2024.1300.0.762,NuBeta-I,Windows,arm64,1740057904,8BAF673C93B5DFC3C12CC26A3B840C8ACD9E4C4397BEEF0F29B9803A5EBBC927
2024.1300.0.764,NuBeta-I,Windows,x64,1740388020,C214F9AEA9096962FED930F64803ECE726E27CE8A503AE74E0C45DE3B8416098
2024.1300.0.764,NuBeta-I,Windows,arm64,1740388061,BC19C55070B29CCC802594E732DD431FF9711540C66BB13DA6FE9F607F650BA3
2024.1300.0.766,NuBeta-I,Windows,x64,1740474015,05758204ECBBD5F0151B9B33F1B390BA1C446E62E5B6854DA91DAC788D7A13CC
2024.1300.0.766,NuBeta-I,Windows,arm64,1740474229,8833E4EF7DECD0E702C600DEC2A7417E238312AFEB6AB43F79DB1AC71467A9F3
2024.1300.0.767,NuBeta-I,Windows,x64,1740559559,B61D10D230ADCA7486ED6A943A3FCE8B4DD1E0DF8F86548C83756E33D0E25F4F
2024.1300.0.767,NuBeta-I,Windows,arm64,1740559766,CD2827ABF0B4068924FD19D629738B3BFB5F227511A91F99206C661160081D2C
2024.1300.0.769,NuBeta-I,Windows,x64,1740650761,3C42FE4CDADC503BB5369477A86F7BD2C5B4EDDEFB229EAE73C7ACC373009EEA
2024.1300.0.769,NuBeta-I,Windows,arm64,1740650717,3967A94D4C46CE0C63D72CE6AF1E7EA7FB2C6CF3CB4B8C5964EAEF92B39D2C7A
2024.1300.0.771,NuBeta-I,Windows,x64,1740991893,BD2011E4E55C1F8C5A9ECDBA82DB8F15BB573E0796CB051FAC49EE247EB7E552
2024.1300.0.771,NuBeta-I,Windows,arm64,1740992049,EDA66BC3384523B7719EF458778ADE84A4788F23CE2AF79819AB28BB00178590
2024.1300.0.772,NuBeta-I,Windows,x64,1741079798,942D32402DC0969FD08F034885E72204CD26301064B1277873CF6BC238088A18
2024.1300.0.772,NuBeta-I,Windows,arm64,1741079930,7A6D1579744CBECADFD5ED966740DDBC742E37ECDAD74514BF7027314D5F9EB4
2024.1300.0.773,NuBeta-I,Windows,x64,1741096782,526EDD026CFEC7644D63C831C4C83DC21BA7494E4D75AC0552083475AD9CC968
2024.1300.0.773,NuBeta-I,Windows,arm64,1741097045,3BC33982C08C6F53C51B4F46F53DF411A0CD6036662444A4700B194AA88D409A
2024.1300.0.774,NuBeta-I,Windows,x64,1741177788,E8E9BCAF01F9F13DF96D079415861D635BF4E4F29F0A096220ADEA091B3EC6CD
2024.1300.0.774,NuBeta-I,Windows,arm64,1741177954,CD33BBB7A3A8407E68092F267504CFEBC899EF89201F27327B7D711DEE1F4477
2024.1300.0.775,NuBeta,Windows,x64,1741254639,29EC7EA068E522808F9AA6C25734E6D587D7077ABC231AD9A2193C50E809D28F
2024.1300.0.775,NuBeta,Windows,arm64,1741254689,44DB27F3C83938B9846A7C0762B695CC31FA33BB2ED3FE45C93E868B86F82C48
2024.1300.0.776,NuBeta-I,Windows,x64,1741336852,97D03319AE31D1FF1648B69E39ACCD68FD8EE343ECAC6DDE439B0F594874A4CC
2024.1300.0.776,NuBeta-I,Windows,arm64,1741336994,A1CACCE2B001D5924881CF2A37D52D825E45D054C5DA73F2DB54DE45CAE3B2B9
2024.1300.0.777,NuBeta-I,Windows,x64,1741597801,7D0E15CF7F6AC08C120E940114D9522069DAAEAB1034F0D12B0D581FDE83E762
2024.1300.0.777,NuBeta-I,Windows,arm64,1741597975,4207B6FE54A028A1EBC66DA85B412904999489146997F2D1CEED17409B2FD28B
2024.1300.0.778,NuBeta-I,Windows,x64,1741683345,BFE7C0B97FBA71CE8EEAFE526F650F86BED247D42623B627F21ABB67AA2586E3
2024.1300.0.778,NuBeta-I,Windows,arm64,1741683457,F7A843E2147C7C54F68CA5964829BCD13FF74EF20D03236193E719BC27093450
2024.1300.0.779,NuBeta-I,Windows,x64,1741702215,6EB6C1E114D6AF23277338043770DF2A035BF35CD2B15C444EE5830ED5AF62D4
2024.1300.0.779,NuBeta-I,Windows,arm64,1741702450,2DCF27E6A39AD88430BEF702F5678E5E50263E092D2EA4C18196FFF86D74AE4D
2024.1300.0.781,NuBeta,Windows,x64,1741779644,650EFE261D1A6AE6C48792008E6ABC7E586DD37BBE077DD53095B25AD30D0037
2024.1300.0.781,NuBeta,Windows,arm64,1741779916,535F8660DFE21F1349B8290D036889E1C2B41D66804F16E93D40DEA5ED059186
2024.1300.0.782,NuBeta-I,Windows,x64,1741948338,FF8B1064F78DFC73ED1B3C7FBB311AB06D24C3E65AF94FD81FB40B271FC8AED4
2024.1300.0.782,NuBeta-I,Windows,arm64,1741948501,CCE1AA32AA6E287C17EB939BE018CAE8407F4BB9DA8AFDD5A38E798565C75E64
2024.1300.0.783,NuBeta-I,Windows,x64,1742200415,F6F0FB02D95CA4A659ECA5C7F289E0127D1ADDDB60E999697548D56FC9A915F2
2024.1300.0.783,NuBeta-I,Windows,arm64,1742200625,EAB5B3C8F27E4776560CAF69153D876FA5710CFCF237110DB57A65AEEB8986F4
2024.1300.0.784,NuBeta-I,Windows,x64,1742298920,C2F7255A8ECDC77358D7CC914994F1A84D7A76D6EF180A112278130D2A9666BE
2024.1300.0.784,NuBeta-I,Windows,arm64,1742299136,4C47DF1DF688C5556815A95EA27001C0E60B52597487F9B9FEC8D6C7F87C2535
2024.1300.0.785,NuBeta-I,Windows,x64,1742377214,EA6BF27F8264BDF277789A84729ED773F0B2368C2C8F859FD3D1CF96C6F665FE
2024.1300.0.785,NuBeta-I,Windows,arm64,1742377348,89775643815A65B702513FABD71CD1E1C80C907B1373E57E8C89EC4321D53E3E
2024.1300.0.786,NuBeta,Windows,x64,1742402017,428C1E35A091E34EC6481FD6466D0F6B9AA9D5EB208FB68F86E700C8E59ABC75
2024.1300.0.786,NuBeta,Windows,arm64,1742402201,DDF48CAC44482B60B795104C3DFD8E20A5156BE71B280E8CDC9DB903BF55BBAD
2024.1300.0.787,NuBeta-I,Windows,x64,1742548235,AE5F0008F334F0B6FB6AB36CEAD9B0F873269CC47D803A185AB1456B29D2FB2B
2024.1300.0.787,NuBeta-I,Windows,arm64,1742548368,FF5D648F1EB02ABC83910A1E1FA60EC4CA08A9334C2ED3B860DFB09060CFF136
2024.1300.0.789,NuBeta-I,Windows,x64,1742902533,754EFC1AE5B050DC9520F99DEB8A0A3B06B7AC0D140E672A93F6E1CBF9A66813
2024.1300.0.789,NuBeta-I,Windows,arm64,1742902640,A0FAAAD0EFE2B1AB2B9EC14F4414D90C2256D03BFCA7B63D7E0BA34999E2B779
2022.0.3.107,LTS-I,Windows,x64,1743077396,3CA45F5220F5FFB78CFDA5476EAE839DDDE92A9DD625067F45D3ADB3CC91DB95
2022.0.3.108,LTS-I,Windows,x64,1743083808,F5FC1C2DBB3782CDB6F6D30F6DAA854807CA6785BFB4F5A58863CB3034F06848
2022.0.3.109,LTS-I,Windows,x64,1743093432,892832D7018BAFA303C5AD871F4E353323E70E5175682967B47DBF8F2380DE90
2022.0.3.110,LTS-I,Windows,x64,1743096995,A1DC4F93FD46AD43B7C0C37E0CE3FC2FA783B601349E3FA3E5A11E9A83288D9A
2024.13.0.230,Master-I,Windows,x64,1743407880,99597ECF0CBE2187E51E9F37995AB0927DB9A1B85C69972ED73303BC2BDB7CDB
2024.13.0.230,Master-I,Windows,arm64,1743407995,8C028027F4B77F19220535D3538E88DE06E4E2A18D418BE8815688B1BD1CE544
2024.13.0.231,Master-I,Windows,x64,1743421144,8BCCC9B64D3475CC0AC67BAFF565010598A884ACD84A378B522DC8896E691161
2024.13.0.231,Master-I,Windows,arm64,1743421379,1D0BE42F308A650580F59E1282CC70B4F6E6544ECD82C1C7D7C5487C5469F1E1
2024.13.0.232,Master-I,Windows,x64,1743502362,0284034EBE7814B5B25CDF249DACE0C401790453FABC638C3E5A369728BC33D1
2024.13.0.232,Master-I,Windows,arm64,1743502501,E16EBA16CC033F5A411C8AE2B278049B50EE53C47CD400C3C91BF0B109A3ABFF
2024.13.0.234,Master-I,Windows,x64,1743579491,FD0AF94E97FA90C431E91956D47D4C8F1C73B0BF5AEB5C42481FC40BB66CBE11
2024.13.0.234,Master-I,Windows,arm64,1743579707,980D6C5067785F5FF1BDE7F7A0F65E16EEB1ED7AC461110E09E14B28BC724593
2024.13.0.235,Master-I,Windows,x64,1743589156,E5344EBF7B2F989B5ADAF3315F80B8F9935BEA21691D4B6255505CD3175DD5AA
2024.13.0.235,Master-I,Windows,arm64,1743589319,0CD1DA241DBCDEE3FCEACF8FEBBBD9F2EA01BB54133042DCF875530BB338369A
2024.13.0.236,Master-I,Windows,x64,1743610799,D38315C03114010D15139E37EDA6BFA5811059D9A4C6B5672A2AAB53BB562D72
2024.13.0.236,Master-I,Windows,arm64,1743610849,E7428AF8C5B2D5C0C615872465D6FE753849CB4AF889962D323EE53B3C25F62A
2024.13.0.237,Master-I,Windows,x64,1743696743,03F2A3E46D3CBD31191C7FD9EA09BA4493C876DCF9E18A2754CC862A30FCDFC5
2024.13.0.237,Master-I,Windows,arm64,1743696770,F51600B7DAF0E97FE85C97FB572CCFFBC42CA611F9D052DA67C35FA847F66B8A
2024.13.0.238,Master,Windows,x64,1743762957,09FF490A85D9853451312D610571C1C554B1FDF8CF0C38AD1222EA803F65C337
2024.13.0.238,Master,Windows,arm64,1743763090,9ADE2C0CFEBD2FC1392140B22341E10A6175FA6C7EF0619026A194444E963ADB
2024.1400.0.795,NuBeta-I,Windows,x64,1744794722,61DC296E33CBC16D168F4F53CF71BAB233281F2557798E8D0F51460EFB5E5146
2024.1400.0.795,NuBeta-I,Windows,arm64,1744794843,A896598A03A401F79CA8E21FD5D94D6D06D006F2A26302F44121E90E5349DC36
2024.13.1.242,Master,Windows,x64,1744822638,20E4E92A9EC073FEF747AEE9E5F572411F22DD12459E49E459DA3FA6B10838DF
2024.13.1.242,Master,Windows,arm64,1744822998,E2D278514771C8D183FDADE0ED4083C8D105FF7619E200362130918DDFBC386D
2024.1400.0.796,NuBeta-I,Windows,x64,1745222423,0DE9007E93B4889402FE460671585D0F9D5C64F77CD72FE7ECA5411C16587799
2024.1400.0.796,NuBeta-I,Windows,arm64,1745222457,3B7E6761BAF0BE2C9E9C07BDC5A5D1144C91241E1E294079554B60601BEBA24A
2024.1400.0.797,NuBeta-I,Windows,x64,1745312519,7F378FFC68258738E5B8A9369F43486EED8831630350AF50015C522412CDA62A
2024.1400.0.797,NuBeta-I,Windows,arm64,1745312609,4B2E4800F2D6AB749702F37CA9B533FEBDA0DF8F76802B107DF5239A322212AA
2024.1400.0.800,NuBeta-I,Windows,arm64,1745573647,93AA2A04ACF5DE699F6BD53664A2E70CE7ABB80E17EC855204C80A730A187866
2024.1400.0.800,NuBeta-I,Windows,x64,1745573483,DDCB66693E45302BC15B7C6C28A2A1A7B1E159A82FF180B3876C810E0B752278
2024.1400.0.801,NuBeta-I,Windows,arm64,1745598883,0F0D764E6597E47A2DC89B73ACC15B6BC9DDC7852ED8354EFF83B593076991C9
2024.1400.0.801,NuBeta-I,Windows,x64,1745598637,0F1AB616986AB8D4A3552EEE47FB6AC9D9F2DCEB04B3CD36CD56E42E04BBD729
2024.1400.0.802,NuBeta,Windows,arm64,1745859768,8CACBBFAABD47AE588AF7B908FDBCB42502BC50F7FC1F4B31C58CA0FBE004493
2024.1400.0.802,NuBeta,Windows,x64,1745859568,167CAFD184CAEA9FFB005F414B76F6ABC887414535BB32DBEB713FD93D983792
2024.1400.0.803,NuBeta-I,Windows,arm64,1746086976,5F7446B9E2033DD606EA27AD66043FE1B29C58623050AB08D85EC5FB261BFD85
2024.1400.0.803,NuBeta-I,Windows,x64,1746087288,CFD990052900D862ABE007C4FEAD36EFDAD44531706081D488E0959AC223CD59
2024.1400.0.806,NuBeta-I,Windows,x64,1746635208,BCD7701419D2DBA5F9EDCA04294C09B83657E95FEA6AA8B0C8AA133AEB851C3C
2024.1400.0.806,NuBeta-I,Windows,arm64,1746635612,A7FE5471FDC87A421C71AA7FCD7D02B774F2096B10752A1EC0493BCA3A6775CD
2024.1400.0.807,NuBeta-I,Windows,x64,1746786958,CFA6E187EDA81960FD48DFFE090E0E812B92B988698D4105D808A165261CBF96
2024.1400.0.807,NuBeta-I,Windows,arm64,1746787147,6E82548928BA01B872F862132685BA45390908D14694AFC243B2E87006EC81FD
2024.1400.0.808,NuBeta-I,Windows,x64,1747038971,C41F3864EFC04775F00FBCDE5F1B815CFF630B93915C769E44E411C17C2438D2
2024.1400.0.808,NuBeta-I,Windows,arm64,1747039219,2DF1AC7913DC9B856F50D8497D415CA9AA80D2EC51F01C89E2BE7E009C69824D
2024.1400.0.809,NuBeta-I,Windows,arm64,1747230601,9C674B08BC81C43858A2E86CFDF9968F145471963F94BE11CD200DE17018AB71
2024.1400.0.809,NuBeta-I,Windows,x64,1747230344,E82C232E2CC53A50ACB95481DEFA5B524042D56592D556B179EF0DDBA02C2CF1
2024.1400.0.810,NuBeta,Windows,arm64,1747381225,492404B8C3269ABCA3DC11DB3C178F34A68673B2EEE01C15EDFC3A00E52B369C
2024.1400.0.810,NuBeta,Windows,x64,1747381086,58F9E4B054ECADE094058B0C72360434EDF6ABEDFD921651F833AAFCD897ABA7
2024.1400.0.812,NuBeta-I,Windows,arm64,1747905046,89308E395F3EA5F40554062E6306A1A9E3007A02C5317534232F962A43522C03
2024.1400.0.812,NuBeta-I,Windows,x64,1747904894,C55EAE265B265FE03F403F4828F35CDAC8E3CD2DB22163166F501C0D0030788B
2024.1400.0.813,NuBeta-I,Windows,arm64,1747991352,F67CDE0B37B6EAF62307B63E6A83A4F98B1863860085D111E4CFBFF305D7E1B9
2024.1400.0.813,NuBeta-I,Windows,x64,1747991270,92D2B92BFD015C6098A78D3F2873AB33287F341133AC6224E5D600AE8CC6BC4C
2024.1400.0.814,NuBeta-I,Windows,arm64,1748423037,AAD94087FE81FE7089713DC2F352FAEF0429D527BB25A07EE59246CAE3C7FD2D
2024.1400.0.814,NuBeta-I,Windows,x64,1748422857,DDD4A716108F0F7F23F6EC23D113EEEEC98660D5BEFD7483EC8B1D496AC8D839
2024.1400.0.815,NuBeta,Windows,arm64,1748505331,1808CD6A55339A94D7D7BB9E9DF1B7648C2660DE394C6E8BEDF8290253C3DD2D
2024.1400.0.815,NuBeta,Windows,x64,1748505237,D9C42D3D77B3067860CE3609F1016F4D16BDD3F3F92A4DB55852CE5F57B355FC
2024.1400.0.816,NuBeta-I,Windows,arm64,1748853333,F1CFD233DF0456CB9DA36429CEDDC95075DD3DEAD43B810CB67F0FB47FA41C97
2024.1400.0.816,NuBeta-I,Windows,x64,1748853161,C37E69B757DB1FBC017D7086D2D10F219D5B8B8791E7EEEB3D8CD58B0D717517
2024.1400.0.817,NuBeta-I,Windows,arm64,1748938673,E31BC12DF68E2CF9DC53797CFE63FE17380CB5B4439811252E1DFBB61ED93FBB
2024.1400.0.817,NuBeta-I,Windows,x64,1748938433,7F2CEC59D126DAC8D31B8006A7CF3DC1BA5BEF84A312E57B38A5C0009FDF44CE
2024.1400.0.818,NuBeta-I,Windows,arm64,1749029037,D16E95069FE84EAA87F56660A9E65E181A291BDE462B7C4F6E82EACE37DCC0E5
2024.1400.0.818,NuBeta-I,Windows,x64,1749028687,E46CB272353C5F94BE3402F79D8554DB56D98BAFC0EE8D8CC24FEF9BA8757334
2024.1400.0.819,NuBeta-I,Windows,arm64,1749048772,A5F1E43B56BA29DE178E48CB7E54381D5100B4B476292CC454E523419067165C
2024.1400.0.819,NuBeta-I,Windows,x64,1749048622,EA53CCFA65E128EEEBDC79BD1E68D287384C29BBB85833BA1A62ABBA7FB2367D
2024.1400.0.820,NuBeta-I,Windows,arm64,1749054947,AD395EFD0E01BA45987CFEE64437840B2911EC215ECC42CACB01A9DCBEC078D8
2024.1400.0.820,NuBeta-I,Windows,x64,1749054800,D07B2A06ADB7364224B93FEB2CE7AB1D734A7BD909ADF17636DB7AF1A1EE0EB5
2024.1400.0.821,NuBeta-I,Windows,arm64,1749225525,FAD2243EA454F3D051CF29051C68E4A431B41F3946C4F608AA76133B6EE27C15
2024.1400.0.821,NuBeta-I,Windows,x64,1749224732,D6B88DDBD800416B6597BD5336DE40844A100BF6E797CF6355EA2F1433BFD841
2024.1400.0.822,NuBeta,Windows,arm64,1749544761,12B797293E45254C4E5EB7BF53FFA4D7506E9186E8DB36DE9E0C08346A95D5FA
2024.1400.0.822,NuBeta,Windows,x64,1749544585,1D5E835BE2E85FE2CD7FD3450CFE0722072CAFB22AEBE4E196601505021CD8D3
2024.1400.0.823,NuBeta-I,Windows,arm64,1749719056,6F5BB1A5E3CF1111665FBF4E08E220D0055265F30F2B743E2B38EF77F810B7AD
2024.1400.0.823,NuBeta-I,Windows,x64,1749718883,16D0FF42C700EBFC9ADFB4178FABDDA40C4A076D2D932AAAE2D8DB24B0B36768
2024.1400.0.824,NuBeta-I,Windows,x64,1750062929,5A96BF49BDC4E904734033475A769E3D85ACD5D0A6EBD4BEF13223118D5CB95E
2024.1400.0.824,NuBeta-I,Windows,arm64,1750063094,8E756B5118D9609F26362A02FF1664D37F08A6448CC66F99406923027998BE05
2024.1400.0.825,NuBeta-I,Windows,x64,1750149101,CE7E465191BBDA06CA2DC730BC4C912A0C931E457DC255A6376D9E385C528328
2024.1400.0.825,NuBeta-I,Windows,arm64,1750149275,959E7D2FCA68752C3A88B10C46463DE61106589D236D3BC31FB7DE606BA4BDBE
2024.1400.0.826,NuBeta-I,Windows,x64,1750233752,3AB4D1B1016086731C35C4948572198800C73BC0EA9BA60FD27BC86024309264
2024.1400.0.826,NuBeta-I,Windows,arm64,1750233798,D555CBB4E8F124009E0F8FBDCDDC3DCDA290BF3E08219DE903E2E7A906FDACE4
2024.1400.0.827,NuBeta,Windows,x64,1750247391,97F5FBFF032E15C64E0C80D7BB8975323421E72872E983042B4E5D8227549B6F
2024.1400.0.827,NuBeta,Windows,arm64,1750247565,88420F25C4F35DC6BE3FE3F9FED2A65CF08001CCC210AE95F39DCDA264B86260
2024.1400.0.828,NuBeta-I,Windows,x64,1750411463,3025BEE01CDF5A05CD26D23D1F639D5C602A5E7243C688E158B1B4509BB050AB
2024.1400.0.828,NuBeta-I,Windows,arm64,1750411602,AB8D88E7EA701F1234CA5AFD2B7AA832D14CFFCF655EE71C5B6F7970CA46AB09
2024.1400.0.829,NuBeta-I,Windows,x64,1750665871,FEA3E7313FB658C7E815399B4708D13A8E47CA1372AC06AB157E985BD96383EC
2024.1400.0.829,NuBeta-I,Windows,arm64,1750666039,2F332F92BB40B5B4FEB1056E8C9DD62F05A868878EA111E263F25CD808C1B2EE
2024.1400.0.830,NuBeta-I,Windows,arm64,1750674915,8969560B114BF8FA33B232D616B09559BC960191A5BC5F8986E3549950563688
2024.1400.0.830,NuBeta-I,Windows,x64,1750674765,649B38C0A24D4A12C851CC284934AE9CC721EEECD096704CFE412D792C5064A9
2024.1400.0.832,NuBeta-I,Windows,x64,1750839807,FD47E9FC3A9043ADD8A001481785F5338A804B8A228CC27802CEA1AAA05388B0
2024.1400.0.832,NuBeta-I,Windows,arm64,1750839976,FFFFABEB0F13F62F394200B5E3AFC2544F93D7066A7063C7A8D363FE4581ED18
2024.1400.0.833,NuBeta,Windows,x64,1750854454,66DF74F8284ED57C9B657A092B6EFD8E235F1A2E3A90BC3B40FD877E25DBD640
2024.1400.0.833,NuBeta,Windows,arm64,1750854817,D1B918A2C7A85EE67A0A79F70D680197F17588871A8E013D35111EF3868D85A1
2022.0.3.114,LTS-I,Windows,x64,1750950701,E1749AE4B558675CCE325D932E44FD1E9F65554B40968C28B245C542120FC4F7
2022.0.3.115,LTS-I,Windows,x64,1751019527,9AF49605800C7996879DDD160AFAFF5A37785CE15278FF09587CEFA2C387FB62
2024.1400.0.834,NuBeta-I,Windows,arm64,1751271811,8F1DE045CA3BEC4BB0A1796100FD7820E427004435729C45F409916EEFD5D22C
2024.1400.0.834,NuBeta-I,Windows,x64,1751271666,433C92BFF387FA6C3D221478D64D7E4B7D51B0263A5B7A26D62F0C96E7A3B261
2024.1400.0.835,NuBeta-I,Windows,arm64,1751357523,4F01D901E9C2D66D61DFF4F2C3988D1E03F059BAE057E1C5BF4D9E1FB5EF2BBB
2024.1400.0.835,NuBeta-I,Windows,x64,1751357379,D62611873EED81D8CB602920A5EF13F14447488F3EAEF2B080450C26E448F3AE
2024.1400.0.836,NuBeta,Windows,arm64,1751447092,325F27F9FBC87E0D6FC03417C654EBA29BD8368DF8365A13DBA0FE34DB182640
2024.1400.0.836,NuBeta,Windows,x64,1751446924,D658B9CA199552776520A748D90E6658CC0F11DD224288B3FCDEC17AD95BDCCA
2024.1400.0.838,NuBeta-I,Windows,arm64,1751619850,91CE1D612A42F2BCB590762350E88A7A28D673C21CEBFF4C1DCC56964B49A9BE
2024.1400.0.838,NuBeta-I,Windows,x64,1751619777,FDFAB0A1E5A3CF3C52348EE183359820A15D3CA8BD9D200ADF3CAA53FFB6FC71
2024.1400.0.839,NuBeta-I,Windows,arm64,1752047895,D692BEC2681B1714D0FF0A08171168F85544DDF9684AAE642AADCB5CF216341F
2024.1400.0.839,NuBeta-I,Windows,x64,1752047723,8C136B3341910A569F30B256B9F3D9B28465635840790747D497C996E3234904
2024.1400.0.840,NuBeta-I,Windows,arm64,1752135342,7BBAEC0E3283BD4C930CE865DE29932DD50F37B373BD718B2018A127F896B439
2024.1400.0.840,NuBeta-I,Windows,x64,1752135197,B8A7212002E2DEA512EA92C79C81C0C05E36C7B7438CF5EE779D410D2AA1551E
2024.1400.0.841,NuBeta-I,Windows,arm64,1752244939,9E2D2D21C98728AF28A29501EFA295CFB6A064D2C6BF3CEE32873BC2AEADEEFF
2024.1400.0.841,NuBeta-I,Windows,x64,1752244739,EA209F78BDE7F9C201D8479D167FCCA852B42506F4B68BBF27812D2CAD378855
2024.1400.0.842,NuBeta,Windows,arm64,1752478478,25C060BAC54273D2D372B9785FA2E308A5E8A4A0F5917480BA1F7BEA1FB14652
2024.1400.0.842,NuBeta,Windows,x64,1752478324,FDFD32DF44A5F8A5BE1B2FB191BD4A73D42DBF55309890A1E56F6FD64B6A4662
2024.1400.0.843,NuBeta-I,Windows,arm64,1752591805,2BEFE42252CD3328A85FF1C8F26DC4AEF06AABB16A33D4F37E2D8B92D5B2FA02
2024.1400.0.843,NuBeta-I,Windows,x64,1752591482,4D9598979F81D925F59AD8EF9C5389D075F75726B1C9BAD02B17DEAE7B62AAC3
2024.1400.0.844,NuBeta-I,Windows,arm64,1752742628,6496EF7E98143BD50808A9F7E97B5F330EA625E6396E8A07632C76E7F93A2C7E
2024.1400.0.844,NuBeta-I,Windows,x64,1752742471,48166DB19CF131DEFBDDF12AA5C0ED2F64FDBED63B5BC9BB6E4D708BCF9803F9
2024.1400.0.845,NuBeta-I,Windows,arm64,1752830765,B12E07A09D94FBA2787615B9F0D99147ECE26505D3E11281F668A3D3917AF740
2024.1400.0.845,NuBeta-I,Windows,x64,1752830601,257A1A98E8C0B4DA385EAE4F137E63B91C0BD5A759A131D97A456EBA3B110B52